Date,Open,High,Low,Close,Volume,MA_3,MA_7,Prev_Target,Actual,Predicted
2022-12-29,126.35325904901092,128.81141476714157,126.09658935745793,127.95254516601562,75703700,126.91597493489583,129.39811052594865,1.0,1,0
2022-12-30,126.76791156272077,128.28821159493137,125.80044037402875,128.26846313476562,77034200,126.88307189941406,129.0638667515346,1.0,0,0
2023-01-03,128.6139854814398,129.22605213593528,122.58211921528644,123.47061157226562,112117500,126.56387329101562,127.5999734061105,0.0,1,1
2023-01-04,125.26734659008874,127.01471627825023,123.48049504473303,124.74412536621094,89113600,125.49440002441406,126.77212742396763,1.0,0,1
2023-01-05,125.50428297135478,126.13609817024776,123.16459490202124,123.4212646484375,80962700,123.87866719563802,125.80748421805245,0.0,1,1
2023-01-06,124.3985891287467,128.62384785031838,123.29290895151365,127.96241760253906,87754700,125.37593587239583,125.74966212681362,1.0,1,1
2023-01-09,128.80155656407595,131.70396238313268,128.22897177101316,128.4856414794922,70790800,126.62310791015625,126.3292955671038,1.0,1,0
2023-01-10,128.5942214648839,129.5814334016857,126.48158852267441,129.05821228027344,63896200,128.50209045410156,126.48724801199776,1.0,1,1
2023-01-11,129.57159828407498,131.80269238208612,128.79170729193848,131.782958984375,69458900,129.77560424804688,126.98931884765625,1.0,0,0
2023-01-12,132.1679704181571,132.54310080025633,129.75917030810112,131.7039794921875,71379600,130.84838358561197,128.16551426478796,0.0,1,0
2023-01-13,130.34161256817276,133.19465493922883,129.97634891095512,133.0366973876953,57809700,132.17454528808594,129.35016741071428,1.0,1,1
2023-01-17,133.10579321952497,135.53432625738486,132.41474784548592,134.20159912109375,63646600,132.9807586669922,130.89021519252233,1.0,0,1
2023-01-18,135.0703691429246,136.83747220518643,133.3032510170013,133.48095703125,69672800,133.57308451334634,131.67857796805245,0.0,1,1
2023-01-19,132.36540678256628,134.50765533885576,132.0593734264766,133.54019165039062,58280400,133.74091593424478,132.4006565638951,1.0,1,1
2023-01-20,133.55005775379874,136.2550244536786,132.50361529041555,136.10693359375,80223600,134.37602742513022,133.4076167515346,1.0,1,1
2023-01-23,136.3537266947968,141.4872415250396,136.136538833656,139.3054962158203,81760300,136.31754048665366,134.48226492745536,1.0,1,1
2023-01-24,138.5157093840139,141.32926952973608,138.50584268721101,140.7073211669922,66435100,138.70658365885416,135.7684565952846,1.0,0,1
2023-01-25,139.0883167228264,140.60861677861874,137.03491367991992,140.04591369628906,65799300,140.0195770263672,136.76977321079798,0.0,1,0
2023-01-26,141.33914314056878,142.40533393014599,140.08537965694651,142.11904907226562,54105100,140.95742797851562,137.90083748953683,1.0,1,1
2023-01-27,141.3292912944412,145.34723680622537,141.25031251687773,144.06385803222656,70555800,142.0762736002604,139.41268048967635,1.0,0,1
2023-01-30,143.1062524963994,143.6887039381187,141.02323465611641,141.1713104248047,64015300,142.45140584309897,140.50284031459265,0.0,1,1
2023-01-31,140.87516062877287,142.49418783542103,140.46053336332577,142.44482421875,65874500,142.55999755859375,141.4082532610212,1.0,1,1
2023-02-01,142.1289302044529,144.7351696002277,139.51282411039048,143.57025146484375,77663600,142.3954620361328,142.0175040108817,1.0,1,1
2023-02-02,146.9958966630842,149.24673936752703,146.27523594496205,148.891357421875,118339000,144.96881103515625,143.18665204729353,1.0,1,0
2023-02-03,146.13701293629845,155.36745253753844,145.93957351960248,152.52427673339844,154357300,148.32862854003906,144.96927533830916,1.0,0,0
2023-02-06,150.61897306818702,151.14219433077403,148.8518547888618,149.78970336914062,69858300,150.4017791748047,146.06508309500558,0.0,1,1
2023-02-07,148.71364771535568,153.2449481745533,148.71364771535568,152.67236328125,83322600,151.66211446126303,147.29486955915178,1.0,0,1
2023-02-08,151.91219134400382,152.60323674930237,149.23684012618935,149.9772491455078,64120100,150.81310526529947,148.5528608049665,0.0,0,0
2023-02-09,151.8134955507833,152.35646529011063,148.4964618548583,148.94070434570312,56007100,150.5301055908203,149.48084368024553,0.0,1,0
2023-02-10,147.77400037597405,149.6327824911062,147.53670230127932,149.30650329589844,57450700,149.40815226236978,150.30030822753906,1.0,1,1
2023-02-13,149.2471763928944,152.51983488560623,149.21751602061343,152.11447143554688,62199000,150.1205596923828,150.76075308663505,1.0,0,1
2023-02-14,150.40398304690967,152.03537903023067,149.15820209418638,151.4718017578125,61707600,150.9642588297526,150.6103995186942,0.0,1,1
2023-02-15,151.38283098748437,153.74586979762776,151.15542974516777,153.57778930664062,65573800,152.38802083333334,151.15155465262276,1.0,0,0
2023-02-16,151.77831825822219,154.56651436571883,151.6201346111262,151.97607421875,68167900,152.34188842773438,151.05208478655135,0.0,0,0
2023-02-17,150.63140647639398,151.2740680510971,149.1483273778538,150.8291473388672,59144100,152.12767028808594,151.17378452845983,0.0,0,1
2023-02-21,148.50565230235682,149.59324968756485,146.73585119733022,146.8050537109375,58867200,149.8700917561849,150.86869158063615,0.0,1,1
2023-02-22,147.19065212608928,148.2584708875877,145.4999504020457,147.23020935058594,51011300,148.28813680013022,150.57207815987724,1.0,1,1
2023-02-23,148.39691004897256,148.64408993049327,145.5790684516341,147.71469116210938,48394200,147.24998474121094,149.94353812081474,1.0,0,1
2023-02-24,145.4505202010405,145.52961956815125,144.07620075664735,145.05503845214844,55469600,146.6666463216146,149.02685764857702,0.0,1,0
2023-02-27,146.04375066348234,147.48727255329774,145.7866739614647,146.25137329101562,44998500,146.34036763509116,147.98022678920202,1.0,0,0
2023-02-28,145.39117653628946,147.39827551462352,145.17365708267755,145.7471160888672,50547000,145.68450927734375,147.09037562779017,0.0,0,1
2023-03-01,145.17364910838256,145.56913077323014,143.37417283401166,143.67079162597656,55479000,145.22309366861978,146.0677533830915,0.0,1,1
2023-03-02,142.75131384795435,145.05503189340783,142.27671766674902,144.26405334472656,52238100,144.56065368652344,145.70475333077567,1.0,1,0
2023-03-03,146.3700024688502,149.40537804304904,145.66802019550744,149.32627868652344,70732300,145.7537078857422,146.00419180733817,1.0,1,0
2023-03-06,152.0551388232703,154.53683399214765,151.72887472127306,152.09469604492188,87558000,148.56167602539062,146.6299067905971,1.0,0,0
2023-03-07,151.96613273878077,152.29241187383494,149.4251323281938,149.88983154296875,56182000,150.4369354248047,147.32059151785714,0.0,1,0
2023-03-08,151.08620232381537,151.73876071934626,150.11726157953802,151.14552307128906,47204800,151.04335021972656,148.01975577218192,1.0,0,1
2023-03-09,151.82773287131755,152.7966735583546,148.5352958010874,148.8912353515625,53833600,149.97552998860678,148.46891566685267,0.0,0,0
2023-03-10,148.51554589298388,149.23730682187812,145.94486944980744,146.8248291015625,68572400,148.95386250813803,148.91949244907923,0.0,1,1
2023-03-13,146.1426312153812,151.41250811707283,146.03387146368914,148.7726287841797,84457100,148.16289774576822,149.5635746547154,1.0,1,0
2023-03-14,149.57344779147112,151.66952778576984,148.4067663113716,150.86866760253906,73695900,148.8220418294271,149.78391592843192,1.0,1,1
2023-03-15,149.48449268664993,151.5212522938301,148.2288147892157,151.26419067382812,77167900,150.30182902018228,149.66527230398995,1.0,1,1
2023-03-16,150.4435271800346,154.6950230424289,149.92938893729746,154.09190368652344,76161100,152.07492065429688,150.26556832449776,1.0,0,1
2023-03-17,154.31932940774055,154.97188784795392,152.53963142836827,153.2515106201172,98944600,152.86920166015625,150.56642368861608,0.0,1,0
2023-03-20,153.3207323821306,156.03971087014546,152.4110972116962,155.6244354248047,73641400,154.32261657714844,151.52830941336495,1.0,1,1
2023-03-21,155.54533387337614,157.60185682514813,154.7741189081368,157.48321533203125,73938300,155.45305379231772,153.05093601771765,1.0,0,1
2023-03-22,157.50300984854792,160.31096943804832,156.029812451383,156.04959106445312,75701800,156.38574727376303,154.0905020577567,0.0,1,1
2023-03-23,157.03829837049406,159.72761624709545,155.9012620500719,157.1371612548828,67622100,156.8899892171224,154.98600115094865,1.0,1,1
2023-03-24,157.06794158008978,158.53124185441158,156.06934056292735,158.4422607421875,59196500,157.2096710205078,156.01143973214286,1.0,0,1
2023-03-27,158.13576925671327,158.9564080964957,156.08911303822106,156.49449157714844,52390300,157.35797119140625,156.35466657366072,0.0,0,1
2023-03-28,156.18801000892674,156.7021483382564,154.2204529064242,155.87161254882812,45992200,156.93612162272134,156.72896684919084,0.0,1,1
2023-03-29,157.57220469744664,159.23326112130354,157.5524411719995,158.9564208984375,51305700,157.10750834147134,157.20496477399553,1.0,1,0
2023-03-30,159.70784921727477,160.6372479005565,159.45078759523014,160.5284881591797,49501700,158.4521738688151,157.64000374930245,1.0,1,0
2023-03-31,160.60756909681194,163.13868814753852,160.08354906302839,163.03981018066406,68749800,160.8415730794271,158.63860648018974,1.0,1,0
2023-04-03,162.41694087425697,164.4141432098461,162.36750188667764,164.29550170898438,56976200,162.62126668294272,159.6612265450614,1.0,0,0
2023-04-04,164.72065569074036,164.95793868784338,163.24745837486338,163.7615966796875,46278300,163.69896952311197,160.42113167898995,0.0,0,0
2023-04-05,162.88162976736427,163.18813034939654,159.97479248917713,161.9126739501953,51511700,163.32325744628906,161.19515773228235,0.0,1,0
2023-04-06,160.5976809407093,163.09915484076092,160.17253885078875,162.8025360107422,45390100,162.82560221354166,162.18528965541296,1.0,0,0
2023-04-10,159.59910521282475,160.2022247314453,158.27422465935098,160.2022247314453,47716900,161.63914489746094,162.36326163155692,0.0,0,0
2023-04-11,160.51863289740257,160.52851466219144,158.69937736977377,158.98611450195312,47644200,160.66362508138022,162.1429225376674,0.0,0,0
2023-04-12,159.40133668736163,160.23185733032426,157.97757839276272,158.29397583007812,50133100,159.16077168782553,161.46494620186942,0.0,1,0
2023-04-13,159.8067227797579,163.92968090167284,159.59908506589906,163.6923828125,68445600,160.32415771484375,161.37878635951452,1.0,0,0
2023-04-14,162.73332768738865,164.44382316709542,161.9720245871667,163.34634399414062,49386500,161.7775675455729,161.31946454729353,0.0,1,0
2023-04-17,163.2276687659828,163.52428757903846,162.1796287016244,163.3660888671875,41516200,163.46827189127603,161.527095249721,1.0,1,0
2023-04-18,164.2263111895451,165.5215312907478,163.78137535549732,164.59213256835938,49923000,163.7681884765625,161.78275190080916,1.0,1,0
2023-04-19,163.9297159922641,166.26309489863078,163.6726392356321,165.73907470703125,47720200,164.56576538085938,162.57373046875,1.0,0,1
2023-04-20,164.21640012100644,165.9763194310247,163.69238005042013,164.77008056640625,52456400,165.03376261393228,163.40001133510046,0.0,0,1
2023-04-21,163.18813815793777,164.5723392677561,162.63445771401044,163.15847778320312,58337300,164.55587768554688,164.09494018554688,0.0,1,0
2023-04-24,163.13870186497232,163.73193954278202,162.04122272168698,163.46498107910156,41949600,163.79784647623697,164.0624542236328,1.0,0,0
2023-04-25,163.32655661191464,164.43391748853472,161.88301968061162,161.92257690429688,48714100,162.8486785888672,163.8590589250837,0.0,0,0
2023-04-26,161.2205734284031,163.41553157370114,160.96351183078312,161.9126739501953,45498800,162.43341064453125,163.65142822265625,0.0,1,1
2023-04-27,163.32656095584278,166.65854052357386,163.32656095584278,166.51023864746094,64902300,163.44849650065103,163.9254433768136,1.0,1,0
2023-04-28,166.589321099478,167.9339799574928,165.9862017200745,167.76588439941406,55275900,165.3962656656901,164.2149876185826,1.0,0,0
2023-05-01,167.37042504765017,168.52722497825897,166.7376452115908,167.6769256591797,52472900,167.31768290201822,164.63025120326452,0.0,0,0
2023-05-02,168.17128153704527,168.42835824019505,165.65004401355455,166.63876342773438,48425700,167.36052449544272,165.12743486676897,0.0,0,0
2023-05-03,167.58794352434566,168.9919233057137,165.27434367702065,165.56106567382812,65136000,166.6255849202474,165.4268755231585,0.0,0,0
2023-05-04,163.0299431104764,165.15568380990734,162.45648404157697,163.91978454589844,81235400,165.37320454915366,165.71219090053015,0.0,1,0
2023-05-05,169.05125040031595,172.3338062754006,168.8337309104411,171.61204528808594,113453200,167.03096516927084,167.09781537737166,1.0,0,0
2023-05-08,170.53431814830344,171.88887398730245,170.1684967974759,171.54281616210938,55962800,169.0248819986979,167.81675502232142,0.0,0,1
2023-05-09,171.09789605728315,171.58235891028352,169.66425593732595,169.83233642578125,45326900,170.99573262532553,168.1119624546596,0.0,1,0
2023-05-10,171.0682556897458,172.06685697441904,169.9608795676703,171.60215759277344,53724500,170.99243672688803,168.67270987374442,1.0,1,0
2023-05-11,171.88887125937896,172.62051394942262,170.22781484613878,171.7899932861328,49514700,171.0748291015625,169.40859985351562,1.0,0,0
2023-05-12,171.89890853860956,172.3345492571858,169.3048853057611,170.8593292236328,45533100,171.4171600341797,170.16549464634485,0.0,0,0
2023-05-15,171.44346424843133,171.49297161869612,169.77021484316816,170.36427307128906,37266700,171.00453186035156,171.0861358642578,0.0,0,0
2023-05-16,170.28506430037106,171.42365827881974,170.09694535788182,170.36427307128906,42110300,170.52929178873697,170.9078826904297,0.0,1,1
2023-05-17,170.00783790944186,171.21573009717264,168.7306172756303,170.97811889648438,57951600,170.56888834635416,170.82721165248327,1.0,1,1
2023-05-18,171.2850464654308,173.50284672542747,170.86921174934298,173.31472778320312,65496700,171.55237325032553,171.32469613211495,1.0,1,0
2023-05-19,174.64144781679403,174.64144781679403,173.20582466782196,173.42364501953125,55809500,172.5721638997396,171.58490862165178,1.0,0,0
2023-05-22,172.25533943207657,172.97811385055638,171.73059450812943,172.47315979003906,43570900,173.0705108642578,171.68250383649553,0.0,0,0
2023-05-23,171.41375772100255,171.66127945739515,169.5820908286863,169.85931396484375,50747300,171.91870625813803,171.5396445138114,0.0,1,1
2023-05-24,169.39397044171028,170.71078788094945,168.82962874348078,170.13653564453125,45143500,170.82300313313803,171.50711059570312,1.0,1,0
2023-05-25,170.70090944955888,172.17612946392208,169.9880455752579,171.27516174316406,56058300,170.42367045084634,171.63723754882812,1.0,1,1
2023-05-26,171.60189457506777,174.02760482348145,171.39396964747598,173.6909637451172,54835000,171.70088704427084,172.02478681291853,1.0,1,0
2023-05-30,175.20579349606086,177.21566879798618,174.81966018947244,175.54241943359375,55964400,173.50284830729166,172.34302847726005,1.0,0,0
2023-05-31,175.57212869440465,177.57210865507508,175.00777185545402,175.492919921875,99625300,174.9087677001953,172.63863917759485,0.0,1,0
2023-06-01,175.93844141740337,178.33444993394386,175.17607026429087,178.30474853515625,68901800,176.44669596354166,173.47172328404017,1.0,1,0
2023-06-02,179.2354282464183,179.97799341291704,177.48297022337377,179.15621948242188,61996900,177.65129597981772,174.7998526436942,1.0,0,0
2023-06-05,180.81957270938136,183.11656642752385,176.2750624238164,177.7998046875,121946500,178.42025756835938,175.8946053641183,0.0,0,0
2023-06-06,178.18596289670575,178.33446990727649,175.67113339582835,177.43350219726562,64848400,178.12984212239584,176.7743682861328,0.0,0,0
2023-06-07,176.67111530134713,179.41366034455214,175.56222276728346,176.05726623535156,61944600,177.09685770670572,177.11241149902344,0.0,1,0
2023-06-08,176.1364684949153,179.04732664647344,175.70084291207064,178.78001403808594,50214900,177.42359415690103,177.5749250139509,1.0,1,0
2023-06-09,179.70080859942686,180.423567952115,178.83943765707895,179.16616821289062,48900000,178.00114949544272,178.09967476981026,1.0,1,0
2023-06-12,179.473070311983,182.0670933538608,179.17604119777275,181.96807861328125,54274900,179.97142028808594,178.62300763811385,1.0,0,0
2023-06-13,180.98788948565831,182.32449774459167,180.63145759510397,181.49282836914062,54929100,180.87569173177084,178.9568089076451,0.0,1,0
2023-06-14,181.5522431050323,182.56213604593384,180.21563475820471,182.12649536132812,57462900,181.86246744791666,179.57490757533483,1.0,1,0
2023-06-15,182.136425495302,184.67104599748652,181.95820196536692,184.1660919189453,65433200,182.5951385498047,180.53670610700334,1.0,0,0
2023-06-16,184.87893857146415,185.1363708565112,182.4433330473612,183.08688354492188,101256200,183.1264902750651,181.54093715122767,0.0,1,0
2023-06-20,182.5819517231594,184.25520121093788,182.5819517231594,183.17599487304688,49799100,183.47632344563803,182.16893441336495,1.0,0,0
2023-06-21,183.0670826761933,183.57203672168455,180.77998409317422,182.13641357421875,49515700,182.79976399739584,182.59325517926897,0.0,1,0
2023-06-22,181.91857754734076,185.1957628610581,181.84926421078353,185.14625549316406,51245300,183.48622131347656,183.04728044782365,1.0,0,0
2023-06-23,183.71064919871634,185.70071866604846,183.17599374881706,184.82943725585938,53117000,184.03736877441406,183.52393886021204,0.0,0,0
2023-06-26,184.97794384564872,186.18585111473345,183.39379870692287,183.43341064453125,48088700,184.4697011311849,183.71064104352678,0.0,1,0
2023-06-27,184.04726807160984,186.52248552112178,183.8294477274505,186.1957550048828,50730800,184.8195343017578,184.00059291294642,1.0,1,0
2023-06-28,186.0670706318246,188.0175435236622,185.74035516733124,187.37399291992188,51216800,185.66771952311197,184.613037109375,1.0,1,0
2023-06-29,187.2056476277424,188.18583917474905,187.06703605511274,187.71058654785156,46347300,187.09344482421875,185.2608359200614,1.0,1,0
2023-06-30,189.7303801784341,192.5521191164762,189.3640377084909,192.04718017578125,85213200,189.0439198811849,186.6766597202846,1.0,0,0
2023-07-03,191.85904618822673,191.9580609253223,189.85906633761323,190.55213928222656,31458200,190.10330200195312,187.4489288330078,0.0,0,0
2023-07-05,189.67094537484306,191.0669563536009,188.73035077998927,189.43331909179688,46920300,190.67754618326822,188.10662623814173,0.0,1,0
2023-07-06,187.95809689875657,190.11649423604223,187.32444187549908,189.9085693359375,45094300,189.9646759033203,189.03164890834265,1.0,0,0
2023-07-07,189.51255404191053,190.7600582083635,188.35415407859097,188.78977966308594,46815000,189.3772226969401,189.40222385951452,0.0,0,0
2023-07-10,187.38386117936162,188.10663557063202,185.18586681905202,186.7403106689453,59922200,188.47955322265625,189.31169782366072,0.0,0,0
2023-07-11,187.28485666382537,187.4234682366511,184.75023641356677,186.21556091308594,46638100,187.24855041503906,189.0981227329799,0.0,1,0
2023-07-12,187.79968989475896,189.7996698114742,186.60169311695756,187.88880920410156,60750200,186.94822692871094,188.50406973702567,1.0,1,0
2023-07-13,188.61155673528532,189.2947191217671,187.8986929500458,188.65115356445312,41342300,187.58517456054688,188.23250034877233,1.0,1,0
2023-07-14,188.34425119556795,189.28483085110778,187.75020804300397,188.79969787597656,41616200,188.4465535481771,188.14198303222656,1.0,1,0
2023-07-17,189.9976776399959,192.39370132812152,189.9085734412509,192.0669708251953,50520200,189.83927408854166,188.45032610212053,1.0,0,0
2023-07-18,191.433317028607,192.40359800546008,190.51252831302557,191.80953979492188,48288200,190.8920694986979,188.88172040666853,0.0,1,0
2023-07-19,191.18579595006162,196.26493172677777,190.74024473686075,193.1659698486328,80507300,192.34749348958334,189.79967171805245,1.0,0,0
2023-07-20,193.1560618639693,194.52238670645607,190.5917402572243,191.2154998779297,59581200,192.06366984049478,190.51394871303015,0.0,0,0
2023-07-21,192.17588392818155,193.03725474426253,189.33432409540026,190.03729248046875,71951700,191.4729207356771,190.8208748953683,0.0,1,0
2023-07-24,191.4927249435582,192.9778554020486,190.34422042985216,190.83926391601562,45377800,190.69735209147134,191.13346208844865,1.0,1,0
2023-07-25,191.4135192381226,192.51251639930572,191.00757994716116,191.7006378173828,37283200,190.85906473795572,191.54788208007812,1.0,1,0
2023-07-26,191.75012548540775,193.70059786031172,191.40360413966724,192.5718994140625,47471900,191.7039337158203,191.62001473563058,1.0,0,0
2023-07-27,194.076873305403,195.24516880610398,190.64126993533102,191.30462646484375,47460200,191.8590545654297,191.54788425990515,0.0,1,0
2023-07-28,192.74024356896163,194.6808208278144,192.21549864281087,193.8887481689453,48291400,192.5884246826172,191.65113830566406,1.0,1,0
2023-07-31,194.11644542830032,194.54219067365466,193.32437284504627,194.50257873535156,38824100,193.23198445638022,192.12072099958147,1.0,0,0
2023-08-01,194.29468863259882,194.77982161953312,193.3441984148306,193.67092895507812,35175100,194.020751953125,192.63981192452567,0.0,0,0
2023-08-02,193.10656507331342,193.24517665133837,189.94820018063527,190.67095947265625,50389300,192.94815572102866,192.6157684326172,0.0,0,0
2023-08-03,189.67096144116343,190.46301890335675,188.79968010371752,189.27491760253906,61235200,191.20560201009116,192.2692369733538,0.0,0,0
2023-08-04,183.68094960257173,185.52251207833032,180.11663025996506,180.18594360351562,115956800,186.71060689290366,190.49981471470423,0.0,0,0
2023-08-07,180.32455640774955,181.31464344213896,175.5919415919706,177.0770721435547,97576100,182.17931111653647,188.4673069545201,0.0,1,0
2023-08-08,177.90874423926195,178.48299654054432,175.81965996172053,178.0176544189453,67823000,178.42689005533853,186.20000784737724,1.0,0,0
2023-08-09,179.07702506576103,179.13642786663587,175.25528876502239,176.42359924316406,60378500,177.1727752685547,183.61729649135046,0.0,0,0
2023-08-10,177.70080592181807,178.95822060931928,175.8394526832055,176.20578002929688,54686900,176.8823445638021,181.12227521623885,0.0,1,0
2023-08-11,175.7993186650753,177.08815781935616,175.03591791571532,176.26527404785156,52036700,176.2982177734375,179.06432015555245,1.0,1,0
2023-08-14,176.44371711975322,178.14896748076782,175.78937369863468,177.9209442138672,43675600,176.79733276367188,177.44232395717077,1.0,0,0
2023-08-15,177.34593637648265,177.94078172124355,175.53162857549793,175.92819213867188,43622600,176.70480346679688,176.83407374790735,0.0,0,0
2023-08-16,175.61093536777827,177.00883168990967,174.98633341606396,175.0557403564453,46964900,176.30162556966147,176.5453120640346,0.0,0,0
2023-08-17,175.62083731111454,175.9876593304517,171.9922220355352,172.5077667236328,66062900,174.49723307291666,175.75818525041853,0.0,1,0
2023-08-18,170.82235510894964,173.59834528388794,170.48527458580276,172.9935760498047,61172200,173.51902770996094,175.26818193708147,1.0,1,0
2023-08-21,173.5685847246663,174.61949160968172,172.24998915809468,174.33197021484375,46311900,173.27777099609375,175.00049482073103,1.0,1,0
2023-08-22,175.541512243613,176.15619021692956,174.73846130997606,175.71005249023438,42038900,174.34519958496094,174.92117745535714,1.0,1,0
2023-08-23,176.9890180826326,179.99303161559698,176.80064510070915,179.56671142578125,52722800,176.53624471028647,175.15628705705916,1.0,0,0
2023-08-24,179.12057292485625,179.54689311295104,174.50053343712446,174.86737060546875,54945800,176.71471150716147,175.00474112374442,0.0,1,0
2023-08-25,175.8587845923081,177.6135940867137,174.3121656551708,177.07823181152344,51449600,177.17077128092447,175.29366847446985,1.0,1,0
2023-08-28,178.5455506421133,179.04126265908485,177.0187642861302,178.6446990966797,43820700,176.86343383789062,176.17037309919084,1.0,1,0
2023-08-29,178.1588778766287,183.31427930675537,177.9605961154563,182.5409698486328,53003900,179.42130025227866,177.53428649902344,1.0,1,0
2023-08-30,183.35394480054703,186.23899207960088,183.15566303930453,186.0406951904297,60813900,182.4087880452474,179.20696149553572,1.0,1,0
2023-08-31,186.22906281435257,187.49808420340318,185.87214960318659,186.25880432128906,60794500,184.9468231201172,180.71392604282923,1.0,1,0
2023-09-01,187.86491606664922,188.2912210727348,186.66528651811905,187.83517456054688,45766500,186.71155802408853,181.89513506208147,1.0,1,0
2023-09-05,186.66529992482816,188.350717612699,186.00104769428793,188.0731201171875,45280000,187.38903299967447,183.78167070661272,1.0,0,0
2023-09-06,186.7842777718091,187.23043067946264,179.91371663144653,181.34136962890625,81755800,185.74988810221353,184.39069039481026,0.0,0,0
2023-09-07,173.67765269377628,176.6816813943478,172.05171790486162,176.03724670410156,112488800,181.81724548339844,184.01819719587053,0.0,1,0
2023-09-08,176.82045661878996,178.6942471635063,176.265246533602,176.6519012451172,65551300,178.01017252604166,183.1769016810826,1.0,1,0
2023-09-11,178.52571023294755,178.75373349578624,175.8191120741523,177.82179260253906,58953100,176.83698018391928,182.00277273995536,1.0,0,0
2023-09-12,177.95068488711692,178.58519559094336,173.32073699502078,174.7880401611328,90370200,176.4205780029297,180.36409214564733,0.0,0,0
2023-09-13,174.99625134216151,175.77948480311008,172.48794973853728,172.7159881591797,84267900,175.10860697428384,178.20420837402344,0.0,1,0
2023-09-14,172.50778112260195,174.58977763559852,172.09138484558866,174.2328643798828,60895800,173.91229756673178,176.2270289829799,1.0,0,0
2023-09-15,174.96648860625493,174.9863213204115,172.329312484714,173.50909423828125,109259500,173.4859822591146,175.1081324986049,0.0,1,0
2023-09-18,174.9664984209427,177.84163701778533,174.65915940995401,176.4437255859375,67257600,174.7285614013672,175.16620091029577,1.0,1,0
2023-09-19,175.99757641576028,178.08948146713516,175.6109216966876,177.53428649902344,51826900,175.82903544108072,175.29225594656808,1.0,0,0
2023-09-20,177.72265814247962,178.1588871164402,173.89576095445636,173.98500061035156,58436200,175.9876708984375,174.74414280482702,0.0,0,0
2023-09-21,173.05304760725463,174.78803946069445,172.36896268457267,172.4383544921875,63149100,174.65254720052084,174.4084734235491,0.0,1,0
2023-09-22,173.17203432298646,175.5613698772793,172.55735626241975,173.29100036621094,56725400,173.23811848958334,174.49061802455358,1.0,1,0
2023-09-25,172.70604916227998,175.4522977411563,172.65647493916612,174.56993103027344,46172700,173.43309529622397,174.5387704031808,1.0,0,0
2023-09-26,173.32074847329434,173.69747930093746,170.1878450472042,170.4852752685547,64588900,172.78206888834634,174.10679626464844,0.0,0,0
2023-09-27,171.13960475321795,171.5560010147378,167.6002289663342,168.9683837890625,66921800,171.34119669596353,173.0388902936663,0.0,1,1
2023-09-28,167.88770703784505,170.5546395498357,166.18245684715794,169.22613525390625,56294400,169.55993143717447,171.85201154436385,1.0,1,0
2023-09-29,170.54475018871184,171.58574835004075,168.87915010499984,169.74169921875,51861100,169.31207275390625,171.2458256312779,1.0,1,1
2023-10-02,169.75161672914737,172.8052044328195,169.46409530048962,172.25991821289062,52164500,170.40925089518228,171.22033473423548,1.0,0,1
2023-10-03,170.78267952738358,172.14094058886474,169.35504178574476,170.92147827148438,49594600,170.974365234375,170.881831577846,0.0,1,1
2023-10-04,169.62271803074952,172.71597100628938,169.50375199905025,172.17068481445312,53020300,171.78402709960938,170.53908211844308,1.0,1,1
2023-10-05,172.29956799243436,173.94533544106068,171.19908676207933,173.40997314453125,48527900,172.1673787434896,170.95689610072546,1.0,1,0
2023-10-06,172.30947784007347,176.46354642551725,171.69478473153458,175.96783447265625,57266700,173.84949747721353,171.95681762695312,1.0,1,0
2023-10-09,175.29367439346143,177.51446959158443,174.2923416030924,177.45498657226562,42390800,175.61093139648438,173.13236781529017,1.0,0,0
2023-10-10,176.57261638357625,178.17871838563994,176.42389371024447,176.86012268066406,43698000,176.76098124186197,174.14928545270647,0.0,1,0
2023-10-11,176.67174177957318,178.30760034526705,176.07689649671707,178.25802612304688,47551100,177.52437845865884,175.00615801130022,1.0,1,0
2023-10-12,178.52573701205876,180.77625872690152,177.50455631675857,179.16024780273438,56743100,178.0927988688151,176.18312508719308,1.0,0,0
2023-10-13,179.8641290223829,180.3697497847248,176.61225971587282,177.31617736816406,51427100,178.24481709798178,176.91819545200892,0.0,0,0
2023-10-16,175.2341951108354,177.54421488719547,174.99624790055657,177.1873016357422,52517000,177.88790893554688,177.4578138078962,0.0,0,0
2023-10-17,175.1350405719026,176.88986525789463,173.3009152798367,175.63075256347656,57549400,176.71141052246094,177.40965924944197,0.0,0,0
2023-10-18,174.07420545389226,176.0570532000882,173.608235023302,174.33197021484375,54764400,175.7166748046875,176.96351405552454,0.0,0,0
2023-10-19,174.53025852712355,176.31482459139443,173.68755728005698,173.9552459716797,59302900,174.63932291666666,176.54853166852678,0.0,0,0
2023-10-20,173.80655315689722,173.91561041088508,171.1594526769345,171.39739990234375,64244000,173.22820536295572,175.56844220842635,0.0,1,0
2023-10-23,169.4442697526279,172.51767489960218,168.4726633962427,171.51634216308594,55980100,172.28966267903647,174.47645568847656,1.0,1,1
2023-10-24,171.56592094062157,172.18059896074934,169.97963653831403,171.95257568359375,43816600,171.62210591634116,173.7102268763951,1.0,0,0
2023-10-25,170.40595412753765,171.57582713235345,169.1864917714858,169.6326446533203,57157000,171.03385416666666,172.63099016462053,0.0,0,1
2023-10-26,168.9088912991807,169.91023915738614,164.24920182104776,165.458740234375,70625300,169.01465352376303,171.17784554617745,0.0,1,0
2023-10-27,165.4785656118454,167.5109876180873,165.3992498850538,166.77732849121094,58499100,167.2895711263021,170.0986110142299,1.0,1,1
2023-10-30,167.57047708446643,169.70203248533966,167.42175441803172,168.82957458496094,51131000,167.02188110351562,169.36637224469865,1.0,1,0
2023-10-31,167.89764555846892,169.43434051981868,166.4600687836398,169.3054656982422,44846000,168.3041229248047,169.06752450125558,1.0,1,0
2023-11-01,169.5334969755198,172.73579212701503,168.66103905073186,172.47802734375,56934900,170.20435587565103,169.2049080984933,1.0,1,1
2023-11-02,174.01475779740764,176.2553707597914,173.95527477340474,176.04718017578125,77334800,172.61022440592447,169.78985159737724,1.0,0,0
2023-11-03,172.74570493436423,175.3035803991637,171.86333827281126,175.13502502441406,79829200,174.55341084798178,170.5759059361049,0.0,1,0
2023-11-06,174.86736758526175,177.8911986418375,174.69882732290304,177.6929168701172,63841300,176.29170735677084,172.32364545549666,1.0,1,0
2023-11-07,177.64333789269085,180.87538968418906,177.4351473327296,180.26071166992188,70530000,177.69621785481772,174.24984305245536,1.0,1,0
2023-11-08,180.78617090399572,181.87672821790486,180.03267898856913,181.321533203125,49340300,179.75838724772134,176.03440856933594,1.0,0,0
2023-11-09,181.3909282750837,182.54096853276508,180.2507816826859,180.84564208984375,53763500,180.80929565429688,177.6830051967076,0.0,1,0
2023-11-10,182.63254933718324,185.21365353801235,182.1957456895483,185.0448760986328,66133400,182.40401713053384,179.47826930454798,1.0,0,0
2023-11-13,184.46911666550656,184.67758150620577,182.87082057942214,183.45652770996094,43627500,183.11568196614584,180.5367475237165,0.0,1,0
2023-11-14,186.33543591459554,186.74245888927783,184.94561983989882,186.07733154296875,60108400,184.85957845052084,182.09993416922433,1.0,1,0
2023-11-15,186.484378412078,188.12237722055318,186.41488002550872,186.64320373535156,53790500,185.3923543294271,183.37854657854353,1.0,1,0
2023-11-16,188.19184420357837,189.57173837709286,187.27851922089127,188.33082580566406,54412900,187.01712036132812,184.5314200265067,1.0,0,0
2023-11-17,188.8669158544037,188.99597562451044,187.19913643084107,188.3109893798828,50922700,187.7616729736328,185.52991376604353,0.0,1,0
2023-11-20,188.50951003765908,190.51482899547432,188.49958819031184,190.05816650390625,46505100,188.89999389648438,186.84598868233817,1.0,0,0
2023-11-21,190.0184652287441,190.12766614172318,188.36060783923182,189.25405883789062,38134500,189.2077382405599,187.44730050223214,0.0,1,0
2023-11-22,190.09788874466753,191.52740733771327,189.4426832554431,189.919189453125,39617700,189.74380493164062,188.37053789411272,1.0,0,0
2023-11-24,189.48240986788565,189.5121905622833,187.874191778969,188.58895874023438,24048300,189.25406901041666,188.7293417794364,0.0,0,0
2023-11-27,188.5393075690696,189.28385517880056,187.52671857843467,188.41024780273438,40552600,188.9727986653646,188.98177664620536,0.0,1,0
2023-11-28,188.4003202806091,189.690872461515,188.02307798905798,189.01580810546875,38415400,188.67167154947916,189.07963126046317,1.0,0,0
2023-11-29,189.5121772909601,190.69352857887446,187.5962153955331,187.99330139160156,43014200,188.4731190999349,189.03424726213728,0.0,1,0
2023-11-30,188.45989087281944,188.93641225844013,186.82189215984647,188.569091796875,48794400,188.52606709798178,188.82152230398995,1.0,1,0
2023-12-01,188.94632812953898,190.16738195236098,187.85431892352926,189.84971618652344,45704800,188.80403645833334,188.9066162109375,1.0,0,0
2023-12-04,188.59886103241988,188.66835941071503,186.08725507958516,188.0528564453125,43389500,188.82388814290366,188.63999720982142,0.0,1,0
2023-12-05,188.82721483361496,192.98674157750665,188.79741899208386,192.0138702392578,66628400,189.9721476236979,189.12927028111048,1.0,0,0
2023-12-06,193.03636454966008,193.3441084564195,190.71337975554792,190.92185974121094,41089700,190.32952880859375,189.48807198660714,0.0,1,0
2023-12-07,192.22233461466143,193.5823700079149,192.18261692775607,192.85768127441406,47477700,191.93113708496094,190.0369110107422,1.0,1,0
2023-12-08,192.78819916921847,194.56519468567552,192.26205338225554,194.2872314453125,53406400,192.68892415364584,190.93604387555803,1.0,0,0
2023-12-11,191.70612101402028,192.08336332058192,190.02840462687192,191.77560424804688,60943700,192.97350565592447,191.3941170828683,0.0,1,0
2023-12-12,191.67632450221151,193.30440121762786,190.32621099568146,193.2944793701172,52696900,193.11910502115884,191.886226109096,1.0,1,0
2023-12-13,193.67171305530522,196.56056130389416,193.43346752411227,196.52085876464844,70404200,193.8636474609375,193.09594072614397,1.0,1,0
2023-12-14,196.58041195784497,198.16877097511053,194.733933428728,196.6697540283203,66831600,195.49503072102866,193.76106698172433,1.0,0,0
2023-12-15,196.09396456637802,196.95763485816647,195.56781885438525,196.13368225097656,128538400,196.4414316813151,194.50561305454798,0.0,0,0
2023-12-18,194.66443959475328,195.20052232582978,192.9768014723469,194.4658966064453,55751900,195.7564442952474,194.73535810198103,0.0,1,0
2023-12-19,194.73395718814848,195.51820737110475,194.46591579616017,195.50828552246094,40714100,195.3692881266276,194.9097943987165,1.0,0,0
2023-12-20,195.46856356116558,196.24289187855894,193.4136199951172,193.4136199951172,52242800,194.4626007080078,195.14379664829798,0.0,0,0
2023-12-21,194.674384326953,195.64725561182692,192.09327993279487,193.2646942138672,46482500,194.06219991048178,195.13954162597656,0.0,0,0
2023-12-22,193.7610508645393,193.98938969071887,191.56712585784612,192.1925506591797,37149600,192.9569549560547,194.5212118966239,0.0,0,0
2023-12-26,192.20247183256527,192.48043504376977,191.42814358023,191.64654541015625,28919300,192.36793009440103,193.8036106654576,0.0,1,0
2023-12-27,191.09062871652011,192.09328069742187,189.7007974418798,191.74581909179688,48087700,191.86163838704428,193.17677307128906,1.0,1,0
2023-12-28,192.72862541967714,193.24484932489418,191.76567598880632,192.17269897460938,34049900,191.85502115885416,192.84917340959822,1.0,0,0
2023-12-29,192.49037607711168,192.98674116771573,190.33615340163328,191.13034057617188,42672100,191.68295288085938,192.22375270298548,0.0,0,0
2024-01-02,185.78945295661444,187.07008341179338,182.55315792151214,184.29043579101562,82488700,189.19782511393228,190.92044067382812,0.0,0,0
2024-01-03,182.88074176951616,184.52867738484042,182.0964765011294,182.9105224609375,58414500,186.11043294270834,189.44127328055245,0.0,0,0
2024-01-04,180.82576992798064,181.7589385851153,179.56501368920854,180.5875244140625,71983600,182.59616088867188,187.78341238839286,0.0,0,0
2024-01-05,180.66697820637782,181.43136956938284,178.86020193485106,179.86285400390625,62379700,181.12030029296875,186.10002790178572,0.0,1,0
2024-01-08,180.76622380895435,184.2507162227342,180.18051667398524,184.21099853515625,59144500,181.55379231770834,185.02362496512276,1.0,0,0
2024-01-09,182.58293533514995,183.80398923151574,181.40158398145778,183.7940673828125,42841800,182.62263997395834,183.82667759486608,0.0,1,0
2024-01-10,183.00979086506445,185.04487535026095,182.5829090664718,184.83641052246094,46792900,184.2804921468099,182.92754473005022,1.0,0,0
2024-01-11,185.18388963502795,185.6901917447606,182.28511919375845,184.2407989501953,49128400,184.2904256184896,182.92045375279017,0.0,1,0
2024-01-12,184.7073562390581,185.382420570264,183.84368591687618,184.56837463378906,40477800,184.54852803548178,183.15728977748327,1.0,0,0
2024-01-16,180.8356991264693,182.920423022664,179.61463032885075,182.29501342773438,65603000,183.7013956705729,183.4012167794364,0.0,0,0
2024-01-17,179.95219077216925,181.6001112377356,178.98924135636386,181.3519287109375,47317400,182.73843892415366,183.6139417375837,0.0,1,0
2024-01-18,184.73712427915873,187.76495384502815,184.47901992929332,187.2586669921875,78005800,183.63520304361978,184.04932294573103,1.0,1,0
2024-01-19,187.95357471629796,190.55452249664,187.44728786414325,190.1673583984375,68903000,186.25931803385416,184.9597930908203,1.0,1,0
2024-01-22,190.9020161446229,193.90998737033232,190.86229845472488,192.48045349121094,60133900,189.9688262939453,186.05179922921317,1.0,1,0
2024-01-23,193.60223731108647,194.3269260762536,192.42088601370864,193.7610626220703,42355600,192.13629150390625,187.4118368966239,1.0,0,0
2024-01-24,193.99930838143553,194.9523359132993,192.92715808853583,193.08599853515625,53631300,193.10917154947916,188.6286403111049,0.0,0,0
2024-01-25,193.80077725921535,194.84314692565724,191.70611607825748,192.75840759277344,54822100,193.20182291666666,190.12341090611048,0.0,0,0
2024-01-26,192.8576594463704,193.34408744696182,190.54459675135575,191.02110290527344,44594000,192.28850301106772,191.50472150530135,0.0,0,0
2024-01-29,190.614099077556,190.80272021826386,188.20177223046258,190.3361358642578,47145600,191.37188212076822,191.9443599155971,0.0,0,0
2024-01-30,189.5518847070131,190.4056331853674,186.10711010289756,186.67295837402344,55859400,189.34339904785156,191.44515991210938,0.0,0,0
2024-01-31,185.68022448739953,185.73980101543498,183.00979333970113,183.05941772460938,55467800,186.68950398763022,190.09929765973772,0.0,1,0
2024-02-01,182.6524257138898,185.59089847447947,182.48366340616798,185.50155639648438,64885400,185.0779774983724,188.91936819893974,1.0,0,0
2024-02-02,178.55242764739413,185.96812234304272,177.94686171013706,184.49888610839844,102551700,184.35328674316406,187.69263785226005,0.0,1,0
2024-02-05,186.78216664518396,187.87417583998953,184.48896248395178,186.31558227539062,69668800,185.4386749267578,186.77223423549108,1.0,1,0
2024-02-06,185.50154897397763,187.9337347140823,185.4122068995574,187.92381286621094,43490800,186.24609375,186.32976422991072,1.0,1,0
2024-02-07,189.2540738540102,189.66109684812312,187.23883287556598,188.03302001953125,53439000,187.42413838704428,186.00074768066406,1.0,0,0
2024-02-08,188.0131563419714,188.16205980044833,185.98799356738817,186.95094299316406,40962000,187.63592529296875,186.04045976911272,0.0,1,0
2024-02-09,187.5174970927484,188.8494643803939,186.8714052160575,187.71630859375,45155200,187.56675720214844,186.70572989327567,1.0,0,0
2024-02-12,187.28888476363343,187.537383976275,185.66866504371018,186.02650451660156,41781900,186.89791870117188,186.78072248186385,0.0,0,0
2024-02-13,184.6548126341336,185.09217370700773,182.4083698811328,183.92918395996094,56529500,185.89066569010416,186.6993364606585,0.0,0,0
2024-02-14,184.20751487981576,184.41624573755993,181.34479892181088,183.04452514648438,54630500,184.33340454101562,186.23204258510046,0.0,0,0
2024-02-15,182.44813474883824,183.3824942652778,180.26134459364147,182.7562713623047,65434500,183.24332682291666,185.4938223702567,0.0,0,0
2024-02-16,182.31889800876044,183.7403213725013,180.57940354414131,181.21556091308594,49752500,182.33878580729166,184.51989964076452,0.0,0,0
2024-02-20,180.6986620021168,181.33481931364506,178.91941449816937,180.4700469970703,53665600,181.48062642415366,183.59405735560827,0.0,1,0
2024-02-21,180.8478012209779,181.79209525720324,179.57548638259638,181.22552490234375,41371400,180.97037760416666,182.66680254255022,1.0,1,0
2024-02-22,182.37854224114136,183.84966853541172,181.36467634977905,183.26319885253906,52292200,181.65292358398438,182.2720445905413,1.0,0,0
2024-02-23,183.89934348562096,183.9291621764045,181.1360335803032,181.42430114746094,45119700,181.97100830078125,181.91420418875558,0.0,0,0
2024-02-26,181.14598235368476,181.66284976948523,179.56551591408572,180.0724639892578,40867400,181.58665466308594,181.4896240234375,0.0,1,0
2024-02-27,180.01283169575817,182.81589486499632,178.48206808634893,181.5336456298828,54318900,181.01013692220053,181.3149632045201,1.0,0,0
2024-02-28,181.4143549983027,182.02069366799873,179.04865286943277,180.33090209960938,48953900,180.64567057291666,181.18858337402344,0.0,0,0
2024-02-29,180.18184546980606,181.47404463933898,178.4522851813059,179.6649627685547,136682600,180.50983683268228,181.07357134137834,0.0,0,0
2024-03-01,178.47214167082092,179.44625436004063,176.31517027538303,178.58148193359375,73563100,179.5257822672526,180.6958509172712,0.0,0,0
2024-03-04,175.0925585764457,175.8380562970389,172.74672514229152,174.0488739013672,81510100,177.43177286783853,179.37951878138952,0.0,0,0
2024-03-05,169.73489700267342,171.00721175997333,168.60174119797853,169.09873962402344,95132400,173.90969848632812,177.6187242780413,0.0,0,1
2024-03-06,170.03309257401145,170.21201988746688,167.6673753032203,168.104736328125,68587700,170.41744995117188,175.90904889787947,0.0,0,1
2024-03-07,168.13456709874717,169.70508399774383,167.47854068144582,167.9854736328125,71765100,168.3963165283203,173.97359575544084,0.0,1,0
2024-03-08,167.9854678195768,172.6572499858552,167.92583043526673,169.705078125,76267000,168.59842936197916,172.45562090192522,1.0,1,1
2024-03-11,171.9018287593836,173.33318674250597,171.01717211248007,171.7129669189453,60139500,169.8011728922526,171.31962149483817,1.0,1,1
2024-03-12,172.11054191154895,172.98526395951052,169.98338934079592,172.1900634765625,59825400,171.20270284016928,170.40656171526228,1.0,0,0
2024-03-13,171.73284593382695,172.1503228051375,169.73490248954016,170.10269165039062,52488700,171.33524068196616,169.8428213936942,0.0,1,0
2024-03-14,171.87200022180366,173.26358975503445,171.0171623179081,171.96145629882812,72913500,171.4180704752604,170.2517809186663,1.0,0,0
2024-03-15,170.14243263043366,171.58372497558594,169.2677105816515,171.58372497558594,121752700,171.21595764160156,170.748779296875,0.0,1,1
2024-03-18,174.51603957790343,176.64319229534289,172.4783429395777,172.67713928222656,75604200,172.07410685221353,171.4190172467913,1.0,1,0
2024-03-19,173.29340452493878,175.54978158656556,171.99127109820583,175.02296447753906,55215200,173.09460957845053,172.178715297154,1.0,1,0
2024-03-20,174.66512448913912,177.597412109375,174.0389016316341,177.597412109375,53423100,175.09917195638022,173.01935032435827,1.0,0,0
2024-03-21,175.98714219427453,176.42450322724187,169.81441519205438,170.3412322998047,106181300,174.3205362955729,172.75523158482142,0.0,1,0
2024-03-22,170.7289059277682,172.0111704512642,169.0391141931604,171.24578857421875,71160100,173.0614776611328,172.9185311453683,1.0,0,1
2024-03-25,169.54603819383198,170.90780893012868,168.43275148556643,169.82435607910156,54288300,170.470458984375,172.6132311139788,0.0,0,1
2024-03-26,168.97946029150032,170.39093396328443,168.56198344496033,168.6912078857422,57388400,169.92045084635416,172.20001438685827,0.0,1,0
2024-03-27,169.3870074763491,172.55785986634996,169.08880538680637,172.26959228515625,60273300,170.26171875,172.14179338727678,1.0,0,1
2024-03-28,170.71896018041463,171.1960744249358,169.4863986176142,170.45057678222656,65672700,170.470458984375,171.48859514508928,0.0,0,1
2024-04-01,170.16233265286536,170.22197004043582,168.46259127116116,169.00929260253906,46240500,170.57648722330728,170.26172092982702,0.0,0,1
2024-04-02,168.0649959882119,168.3234297194346,167.22009256480143,167.82643127441406,49329500,169.0954335530599,169.90246364048548,0.0,1,0
2024-04-03,167.7767233727702,169.6553768320082,167.56799252573734,168.63156127929688,47691700,168.48909505208334,169.5290025983538,1.0,0,0
2024-04-04,169.2677258236611,170.88794562795422,167.8065643310547,167.8065643310547,53704400,168.08818562825522,169.2407466343471,0.0,1,0
2024-04-05,168.5719309687928,169.36713152382467,167.9357735582051,168.56199645996094,42104800,168.3333740234375,169.22228785923548,1.0,0,0
2024-04-08,168.01530178433154,168.1842794442996,167.23005087422234,167.43878173828125,37425500,167.93578084309897,168.53217206682478,0.0,1,0
2024-04-09,167.68726532493085,169.05898582949538,167.33937552823474,168.6514434814453,42373800,168.2174072265625,168.27515302385603,1.0,0,0
2024-04-10,167.78667770328389,168.0749301271986,166.1068205360595,166.77279663085938,49709300,167.62100728352866,167.95565359933036,0.0,1,0
2024-04-11,167.32942111379162,174.40668878905643,167.15050896636146,173.98919677734375,91070300,169.80447896321616,168.83604867117745,1.0,1,0
2024-04-12,173.21389665591335,177.28929006742356,173.16420894399843,175.4901580810547,101670900,172.08405049641928,169.81584821428572,1.0,0,0
2024-04-15,174.30729011068368,175.56967037066977,171.46445848220424,171.6533203125,73531800,173.7108917236328,170.3653847830636,0.0,0,0
2024-04-16,170.71895735574867,172.71688554496447,167.2598525976239,168.36318969726562,73711200,171.83555603027344,170.33698381696428,0.0,0,1
2024-04-17,168.59180586766368,169.62555591523414,166.99147033691406,166.99147033691406,50901200,169.0026601155599,170.27308218819755,0.0,0,0
2024-04-18,167.02127846323074,167.62761710838,165.55016746918514,166.03721618652344,43122900,167.13062540690103,169.89962114606584,0.0,0,0
2024-04-19,165.21221853676252,165.40106519259456,163.0950004513954,164.0094757080078,68149400,165.67938741048178,169.5048610142299,0.0,1,1
2024-04-22,164.52638076461832,166.2559257648484,163.78088304598398,164.84445190429688,48116400,164.96371459960938,168.19846888950892,1.0,1,1
2024-04-23,164.35737315952596,166.04716464714997,163.9299466584378,165.89805603027344,49537800,164.91732788085938,166.82816859654017,1.0,1,1
2024-04-24,165.54024770277562,168.28368903028098,165.2122420517991,168.00537109375,48251800,166.2492930094401,166.3070329938616,1.0,1,0
2024-04-25,168.51229295621184,169.58581142644354,167.14057238305094,168.87013244628906,50558300,167.5911865234375,166.37945338657923,1.0,0,0
2024-04-26,168.86018085141623,170.31140768247312,168.16437095925713,168.28366088867188,44838400,168.38638814290366,166.56405203683036,0.0,1,0
2024-04-29,172.32924112310414,174.97327656975762,172.06087287514865,172.45846557617188,68169400,169.8707529703776,167.4813733782087,1.0,0,0
2024-04-30,172.2894858404387,173.93952434742974,168.97947431756717,169.3074951171875,65934800,170.01654052734375,168.2382332938058,0.0,0,1
2024-05-01,168.56197877866052,171.67319360904702,168.0947990703537,168.28366088867188,50383100,170.01654052734375,168.72954886300224,0.0,1,0
2024-05-02,171.47440458209337,172.37894542666191,169.8641344122997,171.9912872314453,94214900,169.8608144124349,169.60001046316964,1.0,1,1
2024-05-03,185.52950301417593,185.87740797297917,181.56346535319665,182.27914428710938,163224100,174.18469746907553,171.63912091936385,1.0,0,0
2024-05-06,181.25534382134734,183.0942290168702,179.33692188523904,180.6191864013672,78569700,178.29653930664062,173.31755719866072,0.0,1,0
2024-05-07,182.34872294128857,183.79001537072006,180.23151991986552,181.30502319335938,77305800,181.40111796061197,175.17775181361608,1.0,1,0
2024-05-08,181.75231510468853,181.97099560703433,180.3607105291073,181.64297485351562,45057100,181.1890614827474,176.48982456752233,1.0,1,0
2024-05-09,181.46407733528633,183.55147695770702,181.0167817496789,183.46202087402344,48983000,182.1366729736328,178.51189967564173,1.0,0,0
2024-05-10,184.039301056681,184.22841905381327,181.28220609270682,182.1979217529297,50759500,182.4343058268229,180.49965122767858,0.0,1,0
2024-05-13,184.57678612826817,186.22906253508128,183.76059590764,185.41287231445312,72044800,183.6909383138021,182.4170205252511,1.0,1,0
2024-05-14,186.63715506565202,187.42348620330452,185.42283282321628,186.55752563476562,52393600,184.72277323404947,183.02821786063058,1.0,1,0
2024-05-15,187.03531124896162,189.76254724660947,186.4978163614719,188.83688354492188,70400000,186.93576049804688,184.2021745954241,1.0,1,0
2024-05-16,189.58338637309936,190.21045865928463,188.7771592552961,188.95631408691406,52845200,188.11690775553384,185.2952161516462,1.0,1,0
2024-05-17,188.62783545187153,189.92178705781208,188.29936976198016,188.9861602783203,41282900,188.92645263671875,186.344242640904,1.0,1,0
2024-05-20,188.44869465688268,191.02663488992152,188.1301769262196,190.15072631835938,44361300,189.3644002278646,187.29977199009485,1.0,1,0
2024-05-21,190.20049107683238,191.83285642957057,190.03128423275254,191.4546356201172,42309400,190.19717407226562,188.62215968540735,1.0,0,0
2024-05-22,191.37500087150013,191.92244369758092,189.38431073139583,190.01136779785156,34648500,190.53890991210938,189.27908761160714,0.0,0,0
2024-05-23,190.09099161364105,190.11090276702717,185.76124979940406,186.0100860595703,51005900,189.15869649251303,189.2008819580078,0.0,1,0
2024-05-24,187.94106857836448,189.6928704821682,187.16468542966413,189.0956573486328,36327000,188.37237040201822,189.23784964425224,1.0,1,0
2024-05-28,190.61851957640835,192.1015891258543,188.219749617586,189.10560607910156,52280100,188.07044982910156,189.2591770717076,1.0,1,0
2024-05-29,188.7273779696699,191.35508832801628,188.62783738828333,189.40420532226562,53068000,189.20182291666666,189.3188977922712,1.0,1,0
2024-05-30,189.8720349370489,191.2854232244703,189.7426503955058,190.39956665039062,49889100,189.63645935058594,189.3544464111328,1.0,1,0
2024-05-31,190.54886021384164,191.67360498875826,189.02598349107927,191.35508728027344,75158300,190.38628641764322,189.34022521972656,1.0,1,0
2024-06-03,192.00207093054578,194.08235381042343,191.62385010600926,193.12681579589844,50080500,191.62715657552084,189.78528921944755,1.0,1,0
2024-06-04,193.73397115741048,194.41081372828987,192.13146492648488,193.44532775878906,47471400,192.6424102783203,190.84746660505022,1.0,1,0
2024-06-05,194.49042328995185,195.9834409155792,193.96289161058436,194.95823669433594,54156800,193.8434600830078,191.68497794015067,1.0,0,0
2024-06-06,194.77908126144504,195.58530834672572,193.2661524862918,193.57470703125,41181800,193.99275716145834,192.32342093331474,0.0,1,0
2024-06-07,193.74390191398706,196.02325051312178,193.2362814217838,195.97348022460938,53103900,194.8354746500651,193.2618887765067,1.0,0,0
2024-06-10,195.98344204153506,196.3815891899795,191.25555286655262,192.22103881835938,97010200,193.9230753580729,193.5220990862165,0.0,1,0
2024-06-11,192.74855695795014,206.19567789204126,192.7286609927464,206.1857147216797,172373300,198.12674458821616,195.64076014927454,1.0,1,0
2024-06-12,206.40470686074582,219.17498621319098,205.9368934525013,212.07818603515625,198134300,203.49497985839844,198.3480987548828,1.0,1,0
2024-06-13,213.74042465409653,215.74106295368526,210.61504146610727,213.2427520751953,97862700,210.5022176106771,201.17630222865515,1.0,0,0
2024-06-14,212.85455494843214,214.16840257809503,210.31642191496232,211.50088500976562,70122700,212.27394104003906,203.53953770228796,0.0,1,0
2024-06-17,212.37678083551464,217.9308083607288,211.72981259041407,215.6614227294922,93728300,213.46835327148438,206.69478280203683,1.0,0,0
2024-06-18,216.5771221156608,217.61228945527094,212.008492058615,213.29248046875,79943300,213.48492940266928,209.16892569405692,0.0,0,0
2024-06-20,212.93418113045576,213.24275088537271,207.87784112226225,208.70396423339844,86172500,212.55262247721353,211.52362932477678,0.0,0,0
2024-06-21,209.41064929966387,210.90366690915465,206.14591867526494,206.52415466308594,241805100,209.50686645507812,211.57197788783483,0.0,1,0
2024-06-24,206.75308420226276,211.70989851928564,205.6283393856244,207.17112731933594,80727000,207.46641540527344,210.87096949986048,1.0,1,0
2024-06-25,208.1764159984445,210.3960464470149,207.6389363414956,208.0968017578125,55549700,207.26402791341147,210.13583374023438,1.0,1,0
2024-06-26,210.51548557795786,213.8598456726642,209.65948819693895,212.25733947753906,66213200,209.17508951822916,210.24389866420202,1.0,1,0
2024-06-27,213.69064352295018,214.73575892320002,211.36153961685812,213.1033935546875,49772700,211.1525115966797,209.8784659249442,1.0,0,0
2024-06-28,214.76559269472423,215.06419922920637,209.3210543856748,209.63955688476562,82542700,211.66676330566406,209.35661969866072,0.0,1,0
2024-07-01,211.10273143743845,216.4974998735104,210.933524598722,215.7410430908203,60402900,212.82799784342447,210.3619166782924,1.0,1,0
2024-07-02,215.1438274713018,219.35414798734178,214.09872731420612,219.24465942382812,58046200,214.87508646647134,212.17913164411272,1.0,1,0
2024-07-03,218.97590419946252,220.51869201660156,218.01041831592593,220.51869201660156,37369800,218.50146484375,214.08592660086495,1.0,1,0
2024-07-05,220.61823649717394,225.39589603978789,220.61823649717394,225.28640747070312,60412400,221.6832529703776,216.54158455984933,1.0,1,0
2024-07-08,226.03290864697604,226.78938062149984,222.21078721739227,226.759521484375,59085900,224.1882069905599,218.61332484654017,1.0,1,0
2024-07-09,226.8690002119573,228.33215871662,225.3162642938077,227.61550903320312,48076100,226.5538126627604,220.68648420061385,1.0,1,0
2024-07-10,228.23262994836378,231.9950331368443,228.1828596567971,231.89549255371094,62627700,228.75684102376303,223.86590358189173,1.0,0,0
2024-07-11,230.31290687462652,231.30825199534104,224.7190721562944,226.5106964111328,64710600,228.67389933268228,225.40442548479353,0.0,1,0
2024-07-12,227.85438851986095,231.55707334519846,227.61550023869842,229.4668426513672,53046500,229.29101053873697,226.86473737444197,1.0,1,0
2024-07-15,235.37920328245679,236.12571210202407,232.00498402552307,233.3088836669922,62631300,229.76214090983072,228.69190761021204,1.0,1,0
2024-07-16,233.90608352734432,235.17017597600105,231.24851410299036,233.7269287109375,43234300,232.16755167643228,229.89769635881697,1.0,0,0
2024-07-17,228.38191396445072,230.38256719376508,225.5849968618027,227.8145751953125,57345900,231.6167958577474,230.04841831752233,0.0,0,0
2024-07-18,229.20807059344992,229.3673294560276,221.23536173419896,223.13645935058594,66034600,228.22598775227866,229.40855407714844,0.0,1,0
2024-07-19,223.773474302542,225.74425318618754,222.24063446922685,223.26583862304688,49151500,224.73895772298178,228.17574637276786,1.0,0,0
2024-07-22,225.95328613844396,226.7197061195605,222.0515351611177,222.91749572753906,48201800,223.10659790039062,227.66243198939733,0.0,1,0
2024-07-23,223.32558043665784,225.88362469345716,221.6434447483752,223.9626007080078,39960300,223.3819783528646,226.87611171177454,1.0,0,0
2024-07-24,222.95731148702538,223.75359063703135,216.11929523141325,217.52272033691406,61777600,221.4676055908203,224.6209455217634,0.0,0,0
2024-07-25,217.91089956980477,219.8219755631398,213.62096453779796,216.4776153564453,51391200,219.32097880045572,222.15675789969308,0.0,1,0
2024-07-26,217.68198025772855,218.46831142772768,215.0044993866062,216.9454345703125,41601300,216.98192342122397,220.60402352469308,1.0,1,0
2024-07-29,215.95008057489312,218.27918447457574,214.74570631572197,217.22412109375,36311800,216.88239034016928,219.7594037737165,1.0,1,0
2024-07-30,218.16969337819762,219.30438617677734,215.11397665237357,217.78150939941406,41643800,217.31702168782553,218.9759281703404,1.0,1,0
2024-07-31,220.40921389598267,222.77814001369308,219.60298682237814,221.04623413085938,50036300,218.68395487467447,218.70860508510046,1.0,0,0
2024-08-01,223.325554402556,223.435042960857,216.00977771238428,217.34353637695312,62501000,218.72375996907553,217.76302446637834,0.0,1,0
2024-08-02,218.12987665236415,224.54986481713928,216.69659243938975,218.83657836914062,105568600,219.07544962565103,217.95071847098214,1.0,0,0
2024-08-05,198.1632616839607,212.5061888982195,195.08764882459494,208.29588317871094,119548600,214.82533264160156,216.78189958844865,0.0,0,0
2024-08-06,204.3443568031922,209.0125278604179,200.13405118519225,206.26536560058594,69660500,211.13260904947916,215.2561754499163,0.0,1,0
2024-08-07,205.93688655864335,212.64551772150753,205.42926604632788,208.8433074951172,63516400,207.80151875813803,214.05891636439733,1.0,1,0
2024-08-08,212.1179963940502,213.2029189157903,207.85792055043288,212.3170623779297,47161100,209.14191182454428,213.27828107561385,1.0,1,0
2024-08-09,211.1127158331721,215.77092392101787,210.98331610147795,215.2334442138672,42201600,212.1312713623047,212.44788251604353,1.0,1,0
2024-08-12,215.31315848368175,218.7410960979999,214.8448035806853,216.76803588867188,38028100,214.7728474934896,212.36566816057478,1.0,1,0
2024-08-13,218.2428407360094,221.11275746457662,218.2428407360094,220.49493408203125,44155300,217.4988047281901,212.60257611955916,1.0,1,0
2024-08-14,219.7973936824548,222.24876826808693,218.93043078284688,220.943359375,41960600,219.40210978190103,214.40935843331474,1.0,1,0
2024-08-15,223.81327127421198,224.56064415441705,221.97970491871703,223.93284606933594,46414000,221.7903798421224,216.93328421456474,1.0,1,0
2024-08-16,223.1356500786779,226.03546056539557,222.86659157853387,225.25819396972656,44340200,223.37813313802084,219.27826799665178,1.0,0,0
2024-08-19,224.92935218120843,225.19841068626937,222.25873174304007,225.0987548828125,40687800,224.76326497395834,221.1042240687779,0.0,1,0
2024-08-20,224.9791850293864,226.3742750764108,224.6602986155859,225.71658325195312,30299000,225.35784403483072,222.60181535993303,1.0,0,0
2024-08-21,225.72653885026273,227.18141617539888,224.2616868222014,225.60694885253906,34765500,225.4740956624349,223.86451721191406,0.0,0,0
2024-08-22,226.9920904114928,227.5401669123529,223.11571691317775,223.74351501464844,43695300,225.02234903971353,224.32860020228796,0.0,1,0
2024-08-23,224.86956599566977,227.42059644239848,223.5442228703079,226.04542541503906,38677300,225.13196309407553,225.0574667794364,1.0,1,0
2024-08-26,225.96568932825608,226.48387210620078,223.10574735994538,226.38421630859375,30602200,225.39105224609375,225.40766252790178,1.0,1,0
2024-08-27,225.20835892301574,228.04838192077386,224.1022464634546,227.2312469482422,35934600,226.55362955729166,225.6895272391183,1.0,0,0
2024-08-28,227.1216236092518,229.05483047059747,224.8894645684117,225.69664001464844,38052200,226.43736775716147,225.77493940080916,0.0,1,0
2024-08-29,229.29401907737392,232.10413336375854,228.07829123837303,228.98509216308594,51906300,227.30432637532553,226.2418692452567,1.0,0,0
2024-08-30,229.38369482859366,229.59295072736154,226.68318070354871,228.19786071777344,52990800,227.62653096516928,226.61199951171875,0.0,0,0
2024-09-03,227.7494219919808,228.19784265919515,220.39526831044307,221.9896697998047,50190600,226.39087422688803,226.3614501953125,0.0,0,0
2024-09-04,220.88356101217042,221.00313580397116,216.71819503548093,220.07640075683594,43840200,223.4213104248047,225.50873238699776,0.0,1,0
2024-09-05,220.85365562251366,224.690160307972,220.7440403340526,221.6010284423828,36615400,221.2223663330078,224.82541983468192,1.0,0,0
2024-09-06,223.16555001573386,224.45103994819866,219.000198922793,220.04652404785156,48423000,220.57465108235678,223.79903084891183,0.0,1,0
2024-09-09,220.04650359994196,220.4949242674857,215.95089978640883,220.1361846923828,67180000,220.5945790608724,223.00468008858817,1.0,0,0
2024-09-10,218.1531703875452,220.7042008473601,215.97083903478983,219.33900451660156,51591000,219.84057108561197,221.62666756766183,0.0,1,0
2024-09-11,220.6842571655674,222.3085371188772,217.12675517633116,221.8800506591797,44587100,220.45174662272134,220.72412327357702,1.0,1,0
2024-09-12,221.72061131734026,222.7669363444001,219.05000630879996,221.9896697998047,37455600,221.06957499186197,220.72412327357702,1.0,0,0
2024-09-13,222.7968456308755,223.25522582753553,221.13269713278441,221.7206268310547,36766600,221.8634490966797,220.9590127127511,0.0,0,0
2024-09-16,215.78148650258865,216.45911247240775,213.17066883128115,215.56227111816406,59357400,219.7575225830078,220.09633309500558,0.0,1,0
2024-09-17,214.99425879157621,216.1402244248995,213.74863736172932,216.03060913085938,45519300,217.77116902669272,219.5226309640067,1.0,1,0
2024-09-18,216.7879611815548,221.9298901997397,216.777986478492,219.91696166992188,59894900,217.1699473063151,219.49131338936942,1.0,1,0
2024-09-19,224.20191472936153,229.01499812075548,223.84317512238368,228.0683135986328,66781300,221.33862813313803,220.7383575439453,1.0,0,0
2024-09-20,229.1644542640561,232.27352055331795,226.82267984404155,227.40065002441406,318679900,225.1286417643229,221.52701459612166,0.0,0,0
2024-09-23,226.54365969576136,228.64626930220686,225.01902026418153,225.6767120361328,54146000,227.0485585530599,222.0537349155971,0.0,1,0
2024-09-24,227.8490778167103,228.5466380182851,224.93930782860403,226.5735626220703,43556100,226.55030822753906,222.74701145717077,1.0,0,0
2024-09-25,224.14211370551686,226.49384776666977,223.23531278607823,225.5770721435547,42308700,225.94244893391928,224.17769731794084,0.0,1,0
2024-09-26,226.50380712846774,227.69960067739044,224.62042810744603,226.72303771972656,36636700,226.29122416178384,225.70518711635046,1.0,1,0
2024-09-27,227.6597471643239,228.71603171782343,226.50380681299467,226.99208068847656,34026000,226.43073018391928,226.7159184047154,1.0,1,0
2024-09-30,229.23421467656505,232.18385314941406,228.84558136748996,232.18385314941406,54541900,228.63299051920572,227.30385262625558,1.0,0,0
2024-10-01,228.71603627902877,228.84557057238277,222.9562838134916,225.41763305664062,63285000,228.1978556315104,227.02056448800224,0.0,1,0
2024-10-02,225.09875954956593,226.5735711981907,222.23881735408233,225.9856414794922,32880600,227.86237589518228,227.064697265625,1.0,0,0
2024-10-03,224.35137431302277,226.01552277761738,222.53775735368686,224.8795166015625,34044200,225.42759704589844,226.82269069126673,0.0,1,0
2024-10-04,227.1017072618697,227.20136306464835,223.3449237414969,226.0055694580078,37245100,225.62357584635416,226.88390459333147,1.0,0,0
2024-10-07,223.7136221153256,224.8994562199718,220.55472780586587,220.91346740722656,39505400,223.93285115559897,226.05396597726005,0.0,1,0
2024-10-08,223.51431968732726,225.1884276449642,222.46799461113406,224.9791717529297,31855700,223.96606953938803,225.7664075578962,1.0,1,0
2024-10-09,224.44106139019914,228.94523301761674,224.0424685900414,228.7359619140625,33591100,224.8762003580729,225.2738516671317,1.0,0,0
2024-10-10,226.98213565099735,228.6961120865482,226.37427173832708,228.2377166748047,28183500,227.31761678059897,225.67672075544084,0.0,0,0
2024-10-11,228.4968150773993,228.60643037956845,226.54367384020586,226.75294494628906,31759200,227.90887451171875,225.78633553641183,0.0,1,0
2024-10-14,227.89890830734765,230.91829362955485,227.79926770980506,230.48980712890625,39882100,228.49348958333334,226.58780561174666,1.0,1,0
2024-10-15,232.79170373632726,236.65811760908664,231.5560417756155,233.03086853027344,64751400,230.0912068684896,227.59141976492745,1.0,0,0
2024-10-16,230.78874694170784,231.3069145139278,229.0349022193022,230.96810913085938,34082200,231.4962615966797,229.02779715401786,0.0,1,0
2024-10-17,232.6123377292532,233.0308799404877,229.71254238803704,231.33682250976562,32993800,231.77860005696616,229.93603297642298,1.0,1,0
2024-10-18,235.35269346424636,235.35269346424636,233.19029643777657,234.1768341064453,46431500,232.16058858235678,230.71330043247767,1.0,1,0
2024-10-21,233.62876897482323,236.02037141360947,233.62876897482323,235.6516571044922,36254500,233.72177124023438,231.7724347795759,1.0,0,0
2024-10-22,233.07072804715946,235.3925683333293,231.7852533575211,235.03382873535156,38846600,234.95410664876303,232.9554181780134,0.0,0,0
2024-10-23,233.26006870913344,234.31635331873264,226.96219904424217,229.95169067382812,52287000,233.54572550455728,232.8785443987165,0.0,0,0
2024-10-24,229.17442995295067,230.01149918679397,227.60993720006027,229.7623748779297,31109500,231.58263142903647,232.411616734096,0.0,1,0
2024-10-25,228.935262581316,232.40306843409212,228.76585988907573,230.5994110107422,38802300,230.1044921875,232.35894557407923,1.0,1,0
2024-10-28,232.50273684103132,233.9077863541258,231.73542973016842,232.5824432373047,36087100,230.98140970865884,232.5368913922991,1.0,1,0
2024-10-29,232.28350596136286,233.50919327337175,231.50623935322642,232.85150146484375,35417200,232.01111857096353,232.3475581577846,1.0,0,0
2024-10-30,231.7951933609985,232.6521814837961,228.74591463730954,229.2939910888672,47070900,231.57597859700522,231.43932015555245,0.0,0,0
2024-10-31,228.53666090957242,229.02495000446748,224.5805658660821,225.11868286132812,64370100,229.0880584716797,230.02287074497767,0.0,0,0
2024-11-01,220.1959740256502,224.56063636026596,219.4984290694042,222.12918090820312,65276700,225.51395161946616,228.9053693498884,0.0,0,0
2024-11-04,220.21591416091667,222.0095968952219,218.94039900502227,221.23233032226562,44944500,222.82673136393228,227.6867915562221,0.0,1,0
2024-11-05,221.02308305755813,223.1655459656629,220.36539125313263,222.66729736328125,28111300,222.00960286458334,226.55363246372767,1.0,0,0
2024-11-06,221.83023455712816,225.27812143912794,220.41521040716108,221.93984985351562,54561100,221.94649251302084,225.03326198032923,0.0,1,0
2024-11-07,223.8431738287627,227.081789771112,223.7833864288354,226.6831817626953,42137700,223.76344299316406,224.1520734514509,1.0,0,0
2024-11-08,226.6233197345054,228.10973956989392,225.8651541338214,226.41383361816406,38328800,225.01228841145834,223.7406223842076,0.0,0,0
2024-11-11,224.4585504714927,225.15686291743452,220.96697301971395,223.69039916992188,42005600,225.5958048502604,223.53658185686385,0.0,0,0
2024-11-12,224.00963641496367,225.04712701721013,222.82249764582772,223.69039916992188,40398300,224.59821065266928,223.75961303710938,0.0,1,0
2024-11-13,223.47093284409854,226.10457929193407,222.2239408664857,224.57826232910156,48566200,223.9863535563151,224.23760332380022,1.0,1,0
2024-11-14,224.47851048945301,228.3192366196321,224.45855435577516,227.67080688476562,44923900,225.3131561279297,224.95239039829798,1.0,0,0
2024-11-15,225.8551667084814,226.3739196007606,223.73030286311794,224.4585418701172,47923700,225.56920369466147,225.31220354352678,0.0,1,0
2024-11-18,224.70794459457642,229.18714506333228,224.62813528483125,227.47128295898438,44633700,226.5335439046224,225.42478942871094,1.0,1,0
2024-11-19,226.43377721041003,229.60613257977118,226.11455519341968,227.73065185546875,36211800,226.5534922281901,225.61290631975447,1.0,1,0
2024-11-20,227.51117324017346,229.37666823104936,225.34639715216647,228.44891357421875,35169600,227.88361612955728,226.29269409179688,1.0,0,0
2024-11-21,228.3292117939797,229.60613029336434,225.16684213362325,227.97007751464844,42108300,228.0498809814453,226.9040767124721,0.0,1,0
2024-11-22,227.51117639639193,230.16477882059493,227.51117639639193,229.3168182373047,38168300,228.57860310872397,227.58101327078683,1.0,1,0
2024-11-25,230.9030055193102,232.68869124314412,229.1871434272115,232.30960083007812,90152800,229.8654988606771,228.2436981201172,1.0,1,0
2024-11-26,232.76849125195545,235.00310615337486,232.76849125195545,234.49432373046875,45986200,232.04024759928384,229.67738124302454,1.0,0,0
2024-11-27,233.90577001446655,235.12283541072824,233.24735459247512,234.36465454101562,33498400,233.72285970052084,230.66214861188615,0.0,1,0
2024-11-29,234.24494059041535,237.2377212602243,233.40696565616557,236.75888061523438,28481400,235.2059529622396,231.95189557756697,1.0,1,0
2024-12-02,236.69901868412032,240.21053691361496,236.58928278806928,239.013427734375,48137100,236.71232096354166,233.46111188616072,1.0,1,0
2024-12-03,239.232908507596,242.1758064568113,238.32509471728144,242.06607055664062,38861000,239.27945963541666,235.4748251778739,1.0,1,0
2024-12-04,242.28553892887177,243.5225604021956,240.66944226019712,242.42520141601562,44383900,241.1682332356771,237.34745134626115,1.0,1,0
2024-12-05,243.40284992887905,243.95151419061432,241.54732536132988,242.4551239013672,40033900,242.31546529134116,238.79681178501673,1.0,0,0
2024-12-06,242.32543882662802,244.04130085085734,241.49743440151175,242.25559997558594,36870600,242.3786417643229,239.9055655343192,0.0,1,0
2024-12-09,241.24804586880077,246.64503053466012,241.16823655952678,246.1562042236328,44649200,243.62230936686197,241.59007263183594,1.0,1,0
2024-12-10,246.2958646584201,247.612695417372,244.7495916510093,247.1737518310547,36914800,245.19518534342447,243.07791137695312,1.0,0,0
2024-12-11,247.36328368802742,250.196445491468,245.6673626102133,245.89682006835938,45205800,246.40892537434897,244.0612531389509,0.0,1,0
2024-12-12,246.2958641332418,248.1414182384854,245.08876927344312,247.36329650878906,32777500,246.81128946940103,244.81799970354353,1.0,1,0
2024-12-13,247.223631137632,248.69007959411312,245.647431564018,247.5328826904297,33155300,246.93099975585938,245.54766845703125,1.0,1,0
2024-12-16,247.3932192907539,250.7750606707362,247.05402592958802,250.4358673095703,51694800,248.4440155029297,246.68777465820312,1.0,1,0
2024-12-17,249.47818331943677,253.21915892963332,249.1789022262073,252.8699951171875,51356400,250.27958170572916,248.20411682128906,1.0,0,0
2024-12-18,251.55318925842403,253.66808268004456,247.14382766353577,247.4530792236328,56774100,250.25298055013022,248.38938467843192,0.0,1,0
2024-12-19,246.90440599607692,251.3935770141874,246.49538898335234,249.1888885498047,60882300,249.83732096354166,248.67726135253906,1.0,1,0
2024-12-20,247.44310326755718,254.3863612366688,245.09876750312787,253.87759399414062,147495300,250.17318725585938,249.81737191336495,1.0,1,0
2024-12-23,254.15691915529422,255.03479114956258,252.8400883307868,254.6557159423828,40858800,252.57406616210938,250.85914611816406,1.0,1,0
2024-12-24,254.87518901917565,257.58862955018265,254.67565812568793,257.57867431640625,23234700,255.37066141764322,252.29425920758928,1.0,1,0
2024-12-26,257.56867823862046,259.47408555117545,257.0100282923795,258.39666748046875,27237100,256.87701924641925,253.43151637486048,1.0,0,0
2024-12-27,257.20952960207876,258.0774615569102,252.4510193654514,254.9749298095703,42355300,256.9834238688151,253.73222133091517,0.0,0,0
